,Title_retA,Title_retB,Similarity
0,Linksys EtherFast 8-Port 10/100 Switch - EZXS88W,Linksys EtherFast EZXS88W Ethernet Switch - EZXS88W,0.68573
1,Belkin F3H982-10 Pro Series High Integrity 10 Feet Monitor Cable - F3H98210,Belkin Pro Series High Integrity VGA/SVGA Monitor Extension Cable - F3H982-10,0.67453
2,LaCie USB 2.0 Floppy Disk Drive - 706018,LaCie Pocket Floppy Disk Drive - 706018,0.77309
3,Canon KP-36IP Color Ink & Paper Set - 7737A001,Canon KP 36IP Print Cartridge / Paper Kit - 7737A001,0.68089
4,Kensington Orbit Optical Trackball Mouse - 64327,Kensington Orbit Optical Trackball - USB w/PS2 Adapter - 64327,0.76323
5,Linksys EtherFast 4124 24-Port Ethernet Switch - EF4124,Linksys EtherFast EF4124 Ethernet Switch,0.78083
6,Linksys Wireless-G Ethernet Bridge - WET54G,Linksys G Wireless-G WET54G Wireless Bridge,0.90695
7,Linksys Wireless-G Ethernet Bridge - WET54G,Linksys Wireless-G Range Expander Wireless Bridge - WRE54G,0.62747
8,Tripp-Lite PV375 PowerVerter 375-Watt Ultra-Compact Inverter - PV375,Tripp Lite PowerVerter 375-Watt Ultra-Compact Inverter - PV375,0.95706
9,Netgear Prosafe 5 Port Gigabit Ethernet Desktop Switch - GS105NA,Netgear ProSafe GS105 Ethernet Switch - GS105NA,0.67045
10,Netgear Prosafe 5 Port Gigabit Ethernet Desktop Switch - GS105NA,Netgear ProSafe JGS524F 24-Port Gigabit Ethernet Switch - JGS524FNA,0.62349
11,Belkin F3H982-25 Black 25 Ft Pro Series High Integrity VGA/SVGA Monitor Replacement Cable - F3H98225,Belkin Pro Series High Integrity VGA/SVGA Monitor Extension Cable - F3H982-10,0.69881
12,Belkin F3H982-25 Black 25 Ft Pro Series High Integrity VGA/SVGA Monitor Replacement Cable - F3H98225,Belkin Monitor Cable - F3H982-25,0.63409
13,Linksys Wireless-G Range Expander - WRE54G,Linksys Wireless-G Range Expander Wireless Bridge - WRE54G,0.90219
14,Sony VAIO Neoprene Notebook With AC Adapter Case - Black Finish - VGPAMC2,Sony VAIO Notebook and AC Adapter Case - VGPAMC2,0.85348
15,Netgear Wireless Access Point - WG102,Netgear ProSafe WG102 Wireless Access Point 802.11g - WG102NA,0.67437
16,Netgear RangeMax Wireless Access Point - White Finish - WPN802NA,Netgear RangeMax WPN802 Wireless Access Point - WPN802NA,0.83271
17,NetGear ProSafe 24 Port Smart Switch - FS726TP,Netgear ProSafe FS726TP 24 Port 10/100 Smart Switch - FS726TPNA,0.82272
18,Sony PlayStation 2 8MB Memory Card - Black Finish - 711719702702,PlayStation 2 Memory Card 8MB,0.77863
19,Sony PlayStation 2 8MB Memory Card (2 Pack) - Red/Blue Finish - 711719706700,PlayStation 2 Memory Card 8MB,0.69825
20,Sony PlayStation 2 DUALSHOCK 2 Analog Controller - Emerald Finish - 711719706205,PlayStation 2 DUALSHOCK Analog Controller - Green,0.6867
21,Sennheiser Rechargeable Nickel-Metal Hydride Battery - BA151,Sennheiser Nickel metal hydride Battery for Headsets - BA-151,0.62687
22,Sanus WMS3B Black Weather Resistant Small Speaker Wall Mount - WMS3B,Sanus Speaker Mount - WMS3B BLACK,0.75871
23,Sanus WMS3S Silver Weather Resistant Small Speaker Wall Mount - WMS3S,Sanus Wall/Ceiling Speaker Mount - WMS3S SILVER,0.69902
24,Sony DVD-R Recordable Camcorder Media - 3DMR30L1H,Sony Mini DVD-R Media - 3DMR30L1H,0.72485
25,Sennheisser Hi-Fi Wireless Headphone - RS120,Sennheiser RS 120 Wireless Hi-fi Headphone - RS120,0.69416
26,Sanus 13' - 30' Flat Panel TV Black Wall Mount - VM1B,Sanus Flat Panel TV Wall Mount - VM1B,0.8385
27,Omnimount TV Top Shelf Mount - CCH1B,OmniMount TV Top Shelf Mount,0.78519
28,Omnimount TV Top Shelf Mount - CCH1B,OmniMount TV Top Shelf Mount - CCH1P,0.62855
29,Canon Rechargeable Battery - 9763A001,Canon NB-4L Rechargeable Camera Battery - 9763A001,0.70734
30,Canon CB-2LV Battery Charger - 9764A001,Canon CB-2LV Battery Charger - 9764A001,1.0
31,Canon 9517A002 EF-S 17mm - 85mm f/4.0-5.6 USM IS Zoom Lens - 9517A002,Canon EF-S 17-85MM f/4-5.6 IS USM Standard Zoom Lens,0.72597
32,Sanus 32' - 84' Flat Panel TV Black Tilting Wall Mount - VMPL3B,Sanus VisionMount Flat Panel TV Wall Mount - VMPL3B,0.65631
33,Sanus 15' - 40' Flat Panel TV Silver Wall Mount - VM400S,Sanus Flat Panel TV Wall Mount - VM400S,0.8277
34,Sanus 9' - 17' VisionMount Series Under Cabinet Flat Panel TV Silver Wall Mount - VMUC1S,Sanus Under Cabinet LCD TV Mount - VMUC1S,0.64535
35,Sanus 15' - 40' Flat Panel TV Black Wall Mount - VM400B,Sanus Flat Panel TV Wall Mount - VM400B,0.84918
36,Sanus Universal Projector Ceiling Mount -  Black Finish - VMPR1B,Sanus Universal Projector Ceiling Mount - VMPR1B,0.9362
37,Weber Performer 22-1/2' Charcoal Grill - 848001,Weber 848001 Performer 22.5' Charcoal Grill in Dark Blue,0.79427
38,Weber Performer 22-1/2' Charcoal Grill - 848001,Weber 841001 Performer 22.5' Charcoal Grill in Black,0.68381
39,Weber Performer 22-1/2' Charcoal Grill - 841001,Weber 848001 Performer 22.5' Charcoal Grill in Dark Blue,0.60408
40,Weber Performer 22-1/2' Charcoal Grill - 841001,Weber 841001 Performer 22.5' Charcoal Grill in Black,0.89909
41,Omnimount TV Top Shelf Mount - CCH1P,OmniMount TV Top Shelf Mount,0.80051
42,Omnimount TV Top Shelf Mount - CCH1P,OmniMount TV Top Shelf Mount - CCH1P,1.0
43,Sony Soft Cyber-Shot Carrying Case - LCSCST,Sony LCS Soft Carrying Case - LCSCST,0.76543
44,Linksys Wireless-G VPN Broadband Silver Router - WRV54G,Linksys WRV54G Wireless-G VPN Broadband Router,0.97321
45,Linksys Wireless-G VPN Broadband Silver Router - WRV54G,Linksys Wireless-G WRT54GL Broadband Router,0.64256
46,Kingdom Hearts II Video Game For The Sony PS2 - 662248904115,Kingdom Hearts II,0.66039
47,Canon PGI-5BK Black Ink Tank Cartridge - PGI5BK,Canon PGI-5BK Black Ink Cartridge - 0628B002,0.68038
48,Peerless 23' - 46' Universal Flat Panel TV Black Wall Mount - SF640P,Peerless Universal Flat Wall Mount - SF640P,0.75682
49,Netgear ProSafe 24-Port Gigabit Rackmount Switch With 2 SFP Slots - JGS524F,Netgear ProSafe JGS524F 24-Port Gigabit Ethernet Switch - JGS524FNA,0.6382
50,Logitech diNovo Media Desktop Laser Keyboard And Mouse Combo - 967562,Logitech diNovo Media Desktop Laser - 967562-0403,0.76063
51,Delonghi Twenty Four Seven Coffee Maker In Black - DC50B,"DeLonghi DC50B Twenty Four Seven Drip Coffee Maker, Black",0.90353
52,Belkin Hi-Speed USB 2.0 7-Port Hub - F5U237APLS,Belkin Hi-Speed USB 2.0 7-Port Hub - F5U237-APL-S,0.72582
53,Canon Black EF 70-300mm F/4-5.6 IS USM Telephoto Zoom Lens - 0345B002,Canon EF 70-300mm f/4-5.6 IS USM Telephoto Zoom Lens - 0345B002,0.99292
54,Canon Black EF 70-300mm F/4-5.6 IS USM Telephoto Zoom Lens - 0345B002,Canon EF 75-300mm f/4-5.6 III Telephoto Zoom Lens - 6473A003,0.6548
55,Universal IR/RF Aeros Remote Control- MX850 - MX850,Universal Aeros IR/RF Remote Control - MX850,0.95066
56,Universal IR/RF Remote - MX350,Universal Aeros IR/RF Remote Control - MX850,0.60341
57,Linksys Wireless-G Broadband Router - WRT54GL,Linksys WRV54G Wireless-G VPN Broadband Router,0.66025
58,Linksys Wireless-G Broadband Router - WRT54GL,Linksys Wireless-G WRT54GL Broadband Router,1.0
59,Terk XM Outdoor Home Antenna - Grey Finish - XM6,Audiovox XM6 Outdoor Home Antenna - XM-6,0.68501
60,Sony Memory Stick Duo Replacement Adaptor - Silver/Blue Finish - MSACM2,Sony Memory Stick Duo Replacement Adapter - MSACM2,0.73358
61,Kensington MicroSaver Keyed Notebook Lock - 64068F,Kensington MicroSaver Notebook Lock - 64068F,0.88592
62,Linksys Compact Wireless-G USB Adapter - WUSB54GC,Linksys Wireless-G WUSB54GC Compact USB Adapter,1.0
63,Sirius External Home Antenna - 14240,Sirius Outdoor Home Antenna - 14240,0.78479
64,Audiovox Xpress XM Satellite Radio Receiver Home Kit - XMH10A,Audiovox Xpress R XM Radio Receiver with Vehicle Kit XMCK20P,0.60995
65,Sony Memory Stick USB Adaptor - MSACUS40,Sony Memory Stick USB Card Reader/Writer - MSACUS40,0.62535
66,Logitech Harmony 890 Advanced Universal Remote Control - H890,Logitech Harmony 890 Advanced Universal Remote - 966193-0403,0.68977
67,Logitech Harmony 890 Advanced Universal Remote Control - H890,Logitech Harmony One Advanced Universal Remote Control - 915-000035,0.60384
68,Sanus Center Channel Speaker Mount - Black Finish - VMCC1B,Sanus Center Channel Speaker Mount - VMCC1B,0.92947
69,Sony VAIO VGP-PRSZ1 SZ Series Docking Station - VGPPRSZ1,Sony VAIO SZ Series Docking Station - VGPPRSZ1,0.80908
70,Canon Battery Charger - 0763B001,Canon Canon CB-2LW Battery Charger - 0763B001,0.73958
71,Tivo Wireless Adapter - AG0100,Tivo AG0100 Wireless G USB Network Adapter,0.79743
72,TiVo Series2 Dual Tuner Digital Video Recorder - TCD649080,TiVo TCD649080 - Series2 Digital Video Recorder - Up to 80 Hours Capacity,0.69693
73,Canon Deluxe Soft Black Camera Case - 0716B001,Canon PSC-75 Deluxe Soft Case - 0716B001,0.74525
74,LEGO Star Wars II: The Original Trilogy Video Game For The Sony PSP - 023272329396,Lego Star Wars 2: The Original Trilogy,0.71303
75,Panasonic KX-TGA450B Black 5.8 GHz Cordless Handset - KXTGA450B,Panasonic KX-TGA450B Cordless Handset,0.70897
76,Directed 50ft Extension Cable - 14230,Directed Electronics Antenna Extension Cable - 14230,0.7561
77,Directed 50ft Extension Cable - 14230,Sirius 14230 50-FT ANTENNA EXTENSION CABLE - DEI14230,0.67759
78,Sony Learning Remote Control - Silver Finish - RMVL600,Sony Learning Remote Control - RMVL600,0.89758
79,Uniden 5.8GHz Accessory Handset And Charger - TCX905,Uniden TCX905 Cordless Handset - TCX905,0.6253
80,Canon NB-5L Lithium Battery - 1135B001,Canon NB-5L Lithium-Ion Digital Camera Battery - 1135B001,0.90148
81,Bose Acoustimass 5 Series III Speaker System - AM53BK,Bose Acoustimass 5 Series III Speaker System - 21725,0.76147
82,Apple Mini-DVI To DVI Adapter - M9321GB,Apple DVI to mini-DVI Video Cable Adapter - M9321GB,0.93832
83,Sanus 15' - 40' VisionMount Flat Panel TV Black Wall Mount - MF110B,Sanus VisionMount Flat Panel TV Wall Mount - VMPL3B,0.61485
84,Sanus 15' - 40' VisionMount Flat Panel TV Black Wall Mount - MT25B1,Sanus VisionMount Flat Panel TV Wall Mount - VMPL3B,0.61485
85,Canon Black Leather Camera Case - 1588B001,Canon PSC-55 Deluxe Leather Camera Case - 1588B001,0.70895
86,Garmin 010-10702-00 Black GA 25MCX Remote GPS Antenna - 0101070200,Garmin GA 25MCX Low Profile Remote GPS Antenna - 010-10702-00,0.80068
87,Garmin 010-10723-00 AC Adapter Cable With International Adapters - 0101072300,CHARGE YOUR UNIT WITH THIS AC ADAPTER CABLE. ALSO INCLUDES INTERNATIONAL ADAPTER - 010-10723-00,0.61666
88,Linksys Wireless N Access Point - WAP4400N,Linksys WAP4400N Wireless-N Access Point With POE - WAP4400N,0.88342
89,Linksys Wireless-N Security Router - WRVS4400N,Linksys Wireless-N WRVS4400N Gigabit Security Router with VPN,0.83871
90,Microsoft Office Standard 2007 - 02107746,Microsoft Office 2007 Standard - 021-07746,0.66713
91,LG Laundry Remote Monitor - RLM20K,LG Electronics RLM20K Remote Laundry Monitoring System,0.67314
92,LG Washer Dryer White Stacking Kit - WSTK1,LG Electronics LG WSTK1 Washer/Dryer Stacking Kit: White,0.92311
93,Nintendo DS Lite Onyx Black Portable Gaming System - NDSUSGSKB,Nintendo DS Lite (Black Onyx) - USGSKB,0.64317
94,Logitech QuickCam Communicate STX - 961464,"Logitech QuickCam Communicate STX Webcam - Black, Charcoal - 961464-0403",0.7927
95,Terk Mini Tuner Cartridge For XM Ready Home Products - CNP2000,Audiovox CNP2000 XM Mini-Tuner,0.61461
96,Terk Mini Tuner Home Dock For XM Ready Home Products - Black Finish - CNP2000H,Audiovox CNP2000H XM Mini-Tuner Home Dock,0.69815
97,Denon Stereo Tuner - TU1500RD,Denon TU-1500RD Stereo Radio Tuner - TU1500RD,0.69671
98,Kenwood 6-Disc CD Changer - KDCC669,Kenwood KDC-C669 Car CD Changer - KDCC669,0.62493
99,Kenwood iPod Mobile Interface - KCAIP500,Kenwood KCA-IP500 iPod Interface/Controller - KCAIP500,0.60567
100,Sony Compact Disc Player/Recorder - RCDW500C,Sony Compact Disc Player/Recorder - RCDW500C,1.0
101,Universal RF Series MasterControl Remote Control - RF20,Universal MasterControl Universal Learning Remote Control - RF20,0.77863
102,Sony Universal Remote Commander Remote Control - RMV310,Sony Remote Control - RMV310,0.79254
103,GE Pre-Amplifier For Stereo Turntable - AV23292,GE Pre-Amplifier for Stereo Turntable - 23292,0.76919
104,Denon 5 Disc CD Player - Black Finish - DCM390,Denon DCM-390 5 Disc CD Changer - DCM390,0.61159
105,Cuisinart Cordless Electric Kettle - KUA17,Cuisinart Cordless Automatic Electric Kettle,0.72679
106,KitchenAid Pasta Roller And Cutter - KPRA,KitchenAid Pasta Roller And Cutter - KPRA,1.0
107,Sony MRW62E/S1/181 17-In-1 External USB Memory Card Reader - MRW62ES1181,Sony 17-in-1 External USB Memory Card Reader And Writer - MRW62E/S1/181,0.86927
108,Cuisinart Convection-Oven-Toaster-Broiler With Exact Heat Sensor - TOB165WH,Cuisinart TOB-195 Cuisinart Exact Heat Convection Toaster Oven Broiler - TOB195,0.68487
109,Delonghi Twenty Four Seven Coffee Maker - DC50W,"DeLonghi DC50B Twenty Four Seven Drip Coffee Maker, Black",0.66012
110,Canon PG-40 Black Ink Cartridge Twin Pack - PG40TBK,Canon PG-40 Black Ink Cartridge - PG-40-BK-TWIN,0.7263
111,Canon PG-40 Black Ink Cartridge Twin Pack - PG40TBK,Canon PG-40 Twin Pack Black Ink Cartridge - 0615B013,0.77726
112,Hoover EmPower Bagless Upright Vacuum - U5269,"Hoover EmPower U5269-900 Vacuum (Upright, HEPA, Bagless)",0.87088
113,Olympus Digital Camera Neoprene Soft Case - Black With Grey Finish - 202066,Olympus Neoprene Soft Camera Case - 202066,0.83477
114,Canon Charger And Rechargable AA Battery Kit - 1169B001,Canon Battery and Charger Kit - 1169B001,0.74856
115,Sirius Sportster 4 With Car Kit - SP4TK1,Directed Electronics Sportster 4 Sirius Satellite Radio Receiver - SP4TK1,0.61103
116,Omnimount Moda 2 Shelf Wall Furniture - MWFS,OmniMount MWFS Moda Collection 2 Shelf Wall Mounted Furniture System - Espresso,0.78499
117,Sirius Plug And Play Universal Home Kit - SUPH1,Sirius SUPH1 Sirius Universal Home Kit,0.71402
118,Logitech diNovo Edge Keyboard Windows Edition - 967685,Logitech diNovo Edge Keyboard - 967685-0403,0.76571
119,Olympus Premium Slim Leather Case In Black - 202087,Olympus Slim Leather Case - 202087,0.88908
120,Canon EF 75-300mm F/4-5.6 III Telephoto Zoom Lens - 6473A003,Canon EF 70-300mm f/4-5.6 IS USM Telephoto Zoom Lens - 0345B002,0.65947
121,Canon EF 75-300mm F/4-5.6 III Telephoto Zoom Lens - 6473A003,Canon EF 75-300mm f/4-5.6 III Telephoto Zoom Lens - 6473A003,1.0
122,LG White XL Load Capacity Electric Dryer - DLE0442WH,LG XL Capacity Electric Dryer,0.71552
123,Canon Battery Charger - 1133B001,Canon CB-2LX Battery Charger - 1133B001,0.72368
124,Nikon 70-300mm f/4.5-5.6G ED-IF AF-S VR Zoom-Nikkor Lens - 2161,Nikon Nikkor 70-300mm f/4.5-5.6G ED-IF AF-S VR Telephoto Zoom Lens - 2161,0.96851
125,Nikon 70-300mm f/4.5-5.6G ED-IF AF-S VR Zoom-Nikkor Lens - 2161,Nikon 55-200mm f/4-5.6G ED IF AF-S DX VR Zoom Telephoto Nikkor Lens - Niko_216687518,0.65713
126,Nikon 70-300mm f/4.5-5.6G ED-IF AF-S VR Zoom-Nikkor Lens - 2161,Nikon D90 Digital SLR Camera with AF-S DX Nikkor 18-105mm f/3.5-5.6G ED VR Lens - 25448,0.61408
127,Fellowes Personal Powershred Shredder - SB97CS,Fellowes Powershred Personal W11C Shredder - 30100,0.67312
128,Nyko PlayStation 3 ChargeLink USB Charging Cable - 743840830009,PlayStation 3 ChargeLink USB Charging Cable by Nyko - 83000,0.79684
129,Sony MS-A1GD 1GB Memory Stick Micro (M2) - MSA1GD,Sony 1GB Memory Stick Micro (M2) Card - MSA1GD,0.78138
130,Monster PS3 HDMI-2M Playstation 3 GameLink HDMI Digital Video/Audio Cable - PS3HDMI2M,Monster Game 127961 GameLink(tm) 2M HDMI Digital Video/Audio Cable for PS3,0.68882
131,Monster PS3 HDMI-2M Playstation 3 GameLink HDMI Digital Video/Audio Cable - PS3HDMI2M,Monster Cable GameLink HDMI Digital Video/Audio Cable for PlayStation 3 - 1 x HDMI - 6.56ft - PS3 HDMI-2M,0.80831
132,Panasonic Plain Paper Fax/Copier With All-Digital Answering System - Silver Finish - KXFP145,Panasonic KX-FP145 Plain Paper Thermal Transfer Fax/Copier - KXFP145,0.62634
133,Linksys Wireless-G PrintServer - WPSM54G,Linksys G Wireless-G WET54G Wireless Bridge,0.60571
134,Linksys Wireless-G PrintServer - WPSM54G,Linksys WPSM54G Wireless-G USB Print Server,0.66578
135,Monster PS3 CV/FO-10 Playstation 3 GameLink Component Video And Fiber Optic Digital Audio AV Kit - PS3CVFO10,Monster Cable GameLink Component Video and Fiber Optic Digital Audio Cable for PlayStation 3 - 3 x RCA - Toslink - 10ft - PS3 CV/FO-10,0.72467
136,Garmin 010-10823-00 Black Nuvi 660 Vehicle Suction Cup Mount - 0101082300,Garmin Suction Cup Mount - 010-10823-00,0.72994
137,Sirius SiriusConnect Home Tuner - SCH1,Directed Electronics SCH1 SiriusConnect Home Tuner,0.75528
138,KitchenAid 5-Speed Blender - Red Finish - KSB560ER,KitchenAid 5-Speed Blender - Red Finish - KSB560ER,1.0
139,Tech Craft ABS48 Antique Black Avalon Series 48' TV Stand - ABS48,"ABS48 Wood TV Stand (Avalon Series, 48-in. Max)",0.64331
140,Bose SL2 Wireless Black Surround Link - SL2WIRELESS,Bose SL2 Wireless Surround Link,0.86018
141,Pioneer CD-I200 iBus Interface Cable For iPod - CDI200,Pioneer iBus Interface Cable for iPod - CD-I200,0.89289
142,Sirius FMDA25 Wired FM Modulation Relay - FMDA25,SIRIUS FMDA25 Wired FM Relay Kit,0.83383
143,Sony SCPH-98046 PlayStation 3 Blu-Ray DVD Remote Control - 711719804604,Sony Playstation 3 Blu-Ray DVD Remote - 98046,0.76397
144,Peerless Flat Panel Display Mount Black Finish - SGLB01,Peerless SGLB01 Flat Panel TV Stand,0.6577
145,Transcend JetFlash V10 8GB USB Flash Drive - TS8GJFV10,Transcend 8GB JetFlash V10 USB Flash Drive - TS8GJFV10,1.0
146,Transcend JetFlash V10 8GB USB Flash Drive - TS8GJFV10,Transcend 16GB JetFlash USB Flash Drive - TS16GJFV10,0.61454
147,Transcend 4GB Secure Digital High-Capacity (SDHC) Class 6 Memory Card - TS4GSDHC6,Transcend 4GB Secure Digital High Capacity (SDHC) Card - Class 6 - TS4GSDHC6,0.96539
148,Transcend 4GB Secure Digital High-Capacity (SDHC) Class 6 Memory Card - TS4GSDHC6,Transcend 8GB Secure Digital High Capacity (SDHC) Card - Class 6 - TS8GSDHC6,0.74765
149,Transcend 2GB Micro SD Memory Card - TS2GUSD,Transcend 2GB microSD Card - TS2GUSD,0.63369
150,Panasonic Expandable Digital Cordless DECT 6.0 Phone System - KXTG1032S,Panasonic KX-TG9332S DECT 6.0 Expandable Digital Cordless Phone,0.64888
151,Garmin Vehicle Suction Cup Mount - 0101093600,Garmin Vehicle Suction Cup mount,0.83129
152,Case Logic Vertical Universal Leather BlackBerry Case - CLP104BB,Case Logic Universal Vertical PDA Leather Pouch - CLP104BB,0.7059
153,BlueAnt Supertooth Light Bluetooth Handsfree In Black - SUPERTOOTH,BlueAnt Supertooth Light Compact Bluetooth Speakerphone -- Black - 093744,0.64672
154,Sony InfoLithium H Series Standard Rechargeable Battery Pack - NPFH70,Sony InfoLithium H-Series NP-FH70 Camcorder Battery - NPFH70,0.62165
155,Panasonic SR-NA18 White Deluxe Fuzzy Logic Rice Cooker - SRNA18,Panasonic SR-NA18 10-Cup Rice Cooker/Warmer with Advanced Fuzzy Logic Technology,0.65779
156,Frigidaire Electric Dryer - FEQ1442WH,Frigidaire Electric Dryer - FEQ1442WH 5.8 Cubic Foot Super Capacity Drum,0.60485
157,Frigidaire Electric White Dryer - FEQ332WH,Frigidaire Electric Dryer - FEQ332WH 5.7 Cu.Ft. Super Capacity Drum,0.62234
158,Whirlpool WED6400SB Cabrio Super Capacity Plus Electric Black Dryer - WED6400SBK,WED6400SB Cabrio Super Capacity Plus Electric Black Dryer,0.85662
159,Audiovox 9' LCD Drop Down TV With Built-In DVD - VE927,Audiovox VE927 9' TV/DVD Combo,0.71392
160,Garmin Nuvi Portable Friction Mount - 0101090800,Garmin Portable Friction Mount,0.74152
161,Weber Genesis E-310 Natural Gas Black Outdoor Grill - 3841001,Weber Genesis Series E-310 3841001 60' Freestanding Gas Grill with 637 sq. in. Cooking Surface & 3 Stainless Steel Burners: Black Natural Gas,0.64938
162,Transcend 8GB SDHC Card And Compact Card Reader - TS8GSDHC6S5W,Transcend 16GB SDHC Card & Compact Card Reader S5 - TS16GSDHC6-S5W,0.63816
163,Olympus PS-BLS1 Lithium Ion Rechargeable Battery - LIIONPSBLS1,Olympus PS-BLS1 Lithium Ion Digital Camera Battery - 260236,0.71394
164,Netgear ProSafe 24-Port Smart Switch - GS724TP,Netgear ProSafe FS726TP 24 Port 10/100 Smart Switch - FS726TPNA,0.64043
165,Netgear ProSafe 24-Port Smart Switch - GS724TP,Netgear ProSafe GS724TP 24 Port Smart Switch with PoE - GS724TP-100NAS,0.83658
166,D-Link Wireless N USB Adapter - DWA130,D-Link DWA-130 Wireless N USB Adapter,0.68164
167,Panasonic NNSD767S Stainless Steel Countertop Microwave Oven - NNSD767SS,Panasonic NNSD767S 1.6 cu. ft. Stainless Steel Countertop Microwave Oven,0.74456
168,Panasonic Stainless Steel Luxury Full Size Countertop Microwave Oven - NNSD967SS,Panasonic 2.2 cu. ft. Stainless Steel Luxury Full Size Countertop Microwave Oven - NNSD967SS,0.86588
169,Whirlpool Duet Sport 27' White Electric Dryer  - WED8300SWH,Whirlpool Duet Sport 27'' Electric Dryer - WED8300SWH 6.7 Cubic Foot Capacity,0.75949
170,Frigidaire 27' Electric Stack Washer Dryer Combo - FEX831WH,Frigidaire 27'' Electric Stack Washer Dryer Combo - FEX831WH Extra-Large Capacity Wash Tub,0.75531
171,Kensington Combosaver Ultra Combination Notebook Lock - K64516US - K64516US,Kensington ComboSaver Ultra Notebook Lock - K64516US,0.89557
172,Electrolux Oxygen 3 Canister HEPA H12 Filter - EL012A,Electrolux Homecare #EL012A Electro H12 Hepa Filter,0.66495
173,Canon FAX-JX200 Inkjet Fax Machine - FAXJX200,Canon FAX-JX200 Fax Machine - 1735B002AA,0.76882
174,Logitech Black V220 Cordless Optical Mouse For Notebooks - 910000153,Logitech V220 Cordless Optical Mouse for Notebooks - 910-000153,0.69992
175,Plantronics Voyager 510 Bluetooth Headset - Silver Finish - 496915,Plantronics Voyager 510 Bluetooth Earset,0.66748
176,Plantronics Voyager 510 Bluetooth Headset - Silver Finish - 496915,Plantronics Voyager 510 Bluetooth Headset,0.81804
177,Kenwood KCA-IP200 Black iPod Direct Cable - KCAIP200,Kenwood iPod Direct Cable - kcaip200,0.7759
178,Kenwood KCA-IP300V iPod Video Direct Cable - KCAIP300V,Kenwood iPod-Video Direct Adapter - KCAiP300V,0.71026
179,Sony Stereo Bluetooth Speaker - SRSBTM30,Sony SRS-BTM30 Wireless Stereo Bluetooth Speaker - SRSBTM30,0.70429
180,Logitech Digital Precision PC Gaming Headset - 981000040,Logitech Digital Precision PC Gaming Headset - 981-000040,0.689
181,Sirius Satellite Radio Universal Car Tuner - SCC1,Sirius SCC1 Universal Vehicle Tuner,0.70429
182,Audiovox XpressEZ XM Satellite Radio Receiver - XMCK5P,Audiovox XMCK5P EXPRESSEZ Satellite Radio - XMCK5P,0.64086
183,Uniden Dect 6.0 Accessory Handset  And Charging Cradle - DCX200,UNIDEN DCX200 DECT 6.0 Accessory Handset & Charger,0.77833
184,Uniden Dect 6.0 Accessory Handset  And Charging Cradle - DCX200,Uniden DCX300 DECT 6.0 Accessory Handset and Cradle for the DECT2000 series,0.66155
185,Garmin Suction Cup Mount And 12-Volt Adapter Kit - 0101097900,Garmin Suction cup mount/12-volt adapter kit - 010-10979-00,0.73029
186,TiVo HD Digital Video Recorder (180 Hour) - TCD652160,TiVo HD Digital Video Recorder - Up to 20 Hours in HD! - TCD652160,0.65291
187,Nikon COOLPIX Leather Camera Case In Black - 5811,Nikon Digital Camera Leather Case - 5811,0.85815
188,Logitech Blue V470 Cordless Laser Mouse For Notebooks - 910000298,Logitech V470 Cordless Laser Mouse for Notebooks - 910-000298,0.66266
189,Logitech Blue V470 Cordless Laser Mouse For Notebooks - 910000298,Logitech V470 Cordless Laser Mouse for Notebooks - 910-000692,0.66266
190,Logitech MX Air Rechargeable Cordless Air Mouse - 931633,Logitech MX Air Rechargeable Cordless Air Mouse - 931633-0403,0.94915
191,Bracketron iPod Docking Kit - IPM202BL,Bracketron iPod Docking Kit,0.81869
192,Bracketron Nav-Mat Portable GPS Dash Mount - UFM100BL,Bracketron Nav-Mat Portable GPS Dash Mount - UFM-100-BL,0.70982
193,Canon PIXMA Multifunction Printer - MX310,Canon PIXMA MX310 Multifunction Photo Printer - 2184B002,0.81032
194,Canon PIXMA MX700 Multifunction Printer - MX700C,Canon PIXMA MX700 Multifunction Photo Printer - 2186B002,0.69079
195,Canon EOS 40D Digital SLR Camera In Black - EOS40DBODY,Canon EOS 40D Digital SLR Camera - 1901B004,0.68192
196,Canon EOS 40D Digital SLR Camera And 28-135MM Lens - EOS40D28135,Canon EOS 40D Digital SLR Camera with EF 28-135mm f/3.5-5.6 IS USM Lens - 1901B017,0.64639
197,GE Amplified Quantum Antenna - TV24775,GE 24775 Amplified Quantum HDTV Antenna,0.72582
198,LG Pearl Gray XL Capacity Electric Dryer - DLE5955G,LG XL Capacity Electric Dryer,0.64127
199,LG DLE5955W White XL Capacity Electric Dryer - DLE5955WH,LG XL Capacity Electric Dryer,0.6758
200,LG DLE3733W White XL Capacity Electric Dryer - DLE3733WH,LG XL Capacity Electric Dryer,0.6758
201,Nintendo DS Lite Crimson/Black Portable Gaming System - NDSUSGSRMKB,Nintendo DS Lite (Crimson & Black) - USGSRMKB,0.64317
202,LaCie Little Disk 250GB Black Portable Hard Drive - 301278,LaCie Little Disk Hard Drive - 301278,0.84759
203,LaCie Little Disk 250GB Black Portable Hard Drive - 301278,LaCie Little Disk Hard Drive - 301829,0.62802
204,Klipsch Black Wireless iPod Speaker - ROOMGROOVE,Klipsch RoomGroove Wireless iPod Speaker System - 1006602,0.80962
205,Sony 2GB Memory Stick Micro (M2) - MSA2GU2,Sony 1GB Memory Stick Micro (M2) Card - MSA1GD,0.6592
206,Sony 2GB Memory Stick Micro (M2) - MSA2GU2,Sony 2GB Memory Stick Micro (M2) - MSA2GD,0.74495
207,Transcend 2GB 133x Ultra Speed Compact Flash Card - TS2GCF133,Transcend 2GB CompactFlash Card (133x) - TS2GCF133,0.66688
208,Transcend 2GB 133x Ultra Speed Compact Flash Card - TS2GCF133,Transcend 8GB Compact Flash Card (133x) - TS8GCF133,0.61401
209,Sony HD-Handycam 3 Meters (10 Feet) HDMI Mini Cable - VMC30MHD,Sony HDMI Mini Cable - VMC30MHD,0.64969
210,Linksys Dual-Band Wireless-N Notebook Adapter - WPC600N,Linksys Ultra RangePlus Dual Band Wireless-N PC Card - WPC600N,0.66924
211,Klipsch Groove PM20 Computer Speakers - GROOVEPM20BK,Klipsch Groove PM20 Computer Speakers - 1007596,0.78231
212,Sony LCS-CSJ Black Soft Carrying Case - LCSCSJ,Sony LCS-CSJ Soft Camera Case - LCSCSJ,0.89122
213,Sony LCS-CSQ/B Black Soft Carrying Case - LCSCSQB,Sony LCS-CSQ Soft Cyber-shot Camera Case - LCSCSQ/B,0.60745
214,Peerless Black Flat Panel TV Stand - SS550PBK,Peerless SGLB01 Flat Panel TV Stand,0.62345
215,Peerless Black Flat Panel TV Stand - SS550PBK,Peerless SS550P Flat Panel TV Stand,0.61171
216,Transcend 133X High-Speed 4GB Compact Flash Card - TS4GCF133,Transcend 4GB CompactFlash Card (133x) - TS4GCF133,0.68798
217,Transcend 133X High-Speed 4GB Compact Flash Card - TS4GCF133,Transcend 8GB Compact Flash Card (133x) - TS8GCF133,0.62465
218,Transcend 133X High-Speed 8GB Compact Flash Card - TS8GCF133,Transcend 8GB Compact Flash Card (133x) - TS8GCF133,0.89485
219,Microsoft Office 2008 For Mac Home And Student Edition - GZA00006,Microsoft Office:mac 2008 Home and Student Edition - GZA-00006,0.75912
220,Garmin Nuvi 360 010-10815-00 Black Replacement Vehicle Suction Cup Mount - 0101081500,Garmin Suction Cup Mount - 010-10815-00,0.70303
221,Panasonic KX-TGA820B Black DECT 6.0 Cordless Handset - KXTGA820B,Panasonic KX-TGA820B Cordless Handset,0.72129
222,Panasonic Black Expandable Digital Cordless Dect 6.0 Phone System - KXTG8232B,Panasonic KX-TG9332S DECT 6.0 Expandable Digital Cordless Phone,0.6403
223,Panasonic PT-AX200U White Home Theater Projector - PTAX200,Panasonic PT-AX200U Home Theater Projector,0.84483
224,Linksys Black Media Center Extender - DMA2100,Linksys Media Center Extender - DMA2100,0.98489
225,Sirius Stiletto 2 Vehicle Kit - SLV2,SIRIUS SLV2 SIRIUS Stiletto 2 Portable Radio Vehicle Kit,0.8913
226,Sirius STILETTO 2 Portable Satellite Radio - SL2PK1,SIRIUS SL2PK1 SIRIUS Stiletto 2 Portable Radio,0.87986
227,Sirius STILETTO 2 Portable Satellite Radio - SL2PK1,SIRIUS SLH2 SIRIUS? Stiletto 2 Portable Radio Home Kit,0.60192
228,Sirius STILETTO 2 Home Docking Kit - SLH2,SIRIUS SLH2 SIRIUS? Stiletto 2 Portable Radio Home Kit,0.80012
229,Polk Audio Sirius Satellite Radio Home Tuner - SRH1000,SIRIUS SRH1000 Polk Audio Designs? Dual Zone Home Tuner,0.66198
230,Griffin iTrip FM Transmitter - 4052TRPSEB,Griffin iTrip FM Transmitter - 4052-TRPSEB,0.62988
231,Polk Audio CSI A4 Cherry Center Channel Loudspeaker - CSIA4CH,Polkaudio CSi A4 Cherry High Performance Center Channel Loudspeaker - AM4412-A,0.61647
232,Nikon D300 Digital SLR Digital Camera - D300BODY,Nikon D300 Digital SLR Camera - 25432,0.67038
233,Linksys Ultra RangePlus Wireless-N Broadband Router - WRT160N,Linksys RangePlus WRT160N 4-Port Wireless-N Broadband Router - WRT160N,0.83885
234,SIRIUS SiriusConnect Vehicle Kit In Black - SCVDOC1,SIRIUS SCVDOC1 SiriusConnect? Universal Vehicle Kit,0.92574
235,Motorola MotoRokr Portable Bluetooth Car Kit Speaker Phone - T505,Motorola MOTOROKR T505 Bluetooth In-Car Speakerphone - 89149,0.68108
236,Linksys Wireless-G Internet Home Monitoring Camera - WVC54GCA,Linksys Wireless-G Internet Video Camera - WVC54GCA,0.79439
237,Linksys Dual-Band Wireless-N Gaming Adapter - WGA600N,Linksys WGA600N Wireless Gaming Adapter,0.78114
238,LaCie 1TB USB 2.0 External Hard Drive - 301304U,LaCie USB 2.0 External Hard Drive - 301304U,0.88244
239,LaCie 1TB USB 2.0 External Hard Drive - 301304U,LaCie USB 2.0 External Hard Drive - 301302U,0.66771
240,LaCie 500GB USB 2.0 External Hard Drive - 301302U,LaCie USB 2.0 External Hard Drive - 301304U,0.66845
241,LaCie 500GB USB 2.0 External Hard Drive - 301302U,LaCie USB 2.0 External Hard Drive - 301302U,0.88342
242,Delonghi Coffee Maker In Black - DCF212T,DELONGHI DCF212T 12-Cup Drip Coffee Maker,0.76935
243,Linksys Dual-Band Wireless-N USB Network Adapter - WUSB600N,Linksys WUSB600N Dual-Band Wireless-NUSB Network Adapter - WUSB600N,0.78863
244,Monster iCarPlay Wireless 250 FM Transmitter With AutoScan for iPod And iPhone - AIPFMCH250,MONSTER A IP FM-CH 250 iCarPlay Wireless 250 FM Transmitter for iPod & iPhone - AIPFM-CH250,0.64407
245,Escort Passport Radar And Laser Detector - Black Finish - 8500,Escort Passport 9500ix Radar/Laser Detector,0.73729
246,Escort Passport 9500I Radar And Laser Detector - 9500I,Escort Passport 9500ix Radar/Laser Detector,0.60238
247,Cuisinart Stainless Steel 4-Quart Programmable Slow Cooker - PSC400,Cuisinart PSC-400 Cuisinart Programmable Slow Cooker - PSC400,0.69565
248,Cuisinart Stainless Steel Convection Toaster Oven - TOB195,Cuisinart TOB-195 Cuisinart Exact Heat Convection Toaster Oven Broiler - TOB195,0.63044
249,DeLonghi Magnifica Super-Automatic Espresso/Coffee Machine - ESAM3300,DeLonghi ESAM3300 Esclusivo Magnifica Super-Automatic Espresso/Coffee Machine,0.92323
250,Sony Memory Stick PRO DUO Adapter For CompactFlash Slot - ADMSCF1,Sony ADMSCF1 Sony Memory Stick Duo Adapter for CF,0.64494
251,Sony Telephoto Converter Lens - VCLDH1774,Sony VCL-DH1774 Telephoto Lens - VCLDH1774,0.60029
252,Nintendo DS Lite Cobalt/Black Portable Gaming System - NDSUSGBMKB,Nintendo DS Lite (Cobalt Blue and Black) - USGSBMKB,0.60671
253,Griffin 4046-TRPAUTOC iTrip AutoPilot - 4046TRPAUTOC,Griffin iTrip AutoPilot FM Transmitter - 4046-TRPAUTOC,0.78354
254,Logitech Harmony One Advanced Universal Remote Control - HARMONY1,Logitech Harmony 1000 Advanced Universal Remote Control - 966230-0403,0.63792
255,Logitech Harmony One Advanced Universal Remote Control - HARMONY1,Logitech Harmony One Advanced Universal Remote Control - 915-000035,0.6661
256,LaCie Little Disk 320GB Black Portable Hard Drive - 301829,LaCie Little Disk Hard Drive - 301278,0.63336
257,LaCie Little Disk 320GB Black Portable Hard Drive - 301829,LaCie Little Disk Hard Drive - 301829,0.85479
258,LaCie 500GB d2 Quadra External Hard Drive - 301825U,LaCie d2 Quadra Hard Drive - 301825U,0.84002
259,Canon Vixia High Definition Camcorder - HV30,Canon VIXIA HV30 High Definition Digital Camcorder - 2680B001,0.84447
260,Canon Vixia High Definition Camcorder - HF100,Canon VIXIA HF100 High Definition Digital Camcorder - 2708B001,0.84447
261,Canon DVD Camcorder - DC320,Canon DC320 Digital Camcorder - 2691B001,0.68875
262,Canon Vixia High Definition Camcorder - HF10,Canon VIXIA HF10 High Definition Digital Camcorder - 2573B001,0.84447
263,Sharp Aquos 37' LCD HDTV In Black - LC37D44U,Sharp AQUOS LC37D44U 37' LCD TV - LC37D44U,0.87363
264,Uniden DECT 6.0 Digital Accessory Handset  - DCX300,UNIDEN DCX200 DECT 6.0 Accessory Handset & Charger,0.69216
265,Uniden DECT 6.0 Digital Accessory Handset  - DCX300,Uniden DCX300 DECT 6.0 Accessory Handset and Cradle for the DECT2000 series,0.78066
266,Panasonic 5.8 GHz Black Expandable Digital Cordless Phone System - KXTG4323B,Panasonic KX-TG4323B 5.8 GHz Expandable Digital Cordless Phone,0.65442
267,Panasonic 5.8 GHz Black Expandable Digital Cordless Phone System - KXTG4323B,Panasonic KX-TG4324B 5.8 GHz Expandable Digital Cordless Phone,0.65442
268,Panasonic 5.8 GHz Black Expandable Digital Cordless Phone System - KXTG4323B,Panasonic KX-TG4321B 5.8 GHz Expandable Digital Cordless Phone,0.65442
269,Panasonic 5.8 GHz Black Expandable Digital Cordless Phone System - KXTG4324B,Panasonic KX-TG4323B 5.8 GHz Expandable Digital Cordless Phone,0.65442
270,Panasonic 5.8 GHz Black Expandable Digital Cordless Phone System - KXTG4324B,Panasonic KX-TG4324B 5.8 GHz Expandable Digital Cordless Phone,0.65442
271,Panasonic 5.8 GHz Black Expandable Digital Cordless Phone System - KXTG4324B,Panasonic KX-TG4321B 5.8 GHz Expandable Digital Cordless Phone,0.65442
272,Transcend JetFlash V10 16GB USB Flash Drive - TS16GJFV10,Transcend 8GB JetFlash V10 USB Flash Drive - TS8GJFV10,0.73134
273,Transcend JetFlash V10 16GB USB Flash Drive - TS16GJFV10,Transcend 16GB JetFlash USB Flash Drive - TS16GJFV10,0.91295
274,Transcend 16GB SDHC Card And Compact Card Reader - TS16GSDHC6S5W,Transcend 16GB SDHC Card & Compact Card Reader S5 - TS16GSDHC6-S5W,0.70592
275,Logitech Cordless Desktop MX 5500 Revolution Keyboard And Mouse Combination - 920000383,Logitech Cordless Desktop MX 5500 Revolution Keyboard and Mouse - 920-000383,0.72957
276,Elgato Mac EyeTV Hybrid - 10020630,Elgato EyeTV Hybrid Analog/Digital TV Tuner Stick - 10020630,0.73185
277,Haier 15' Black Flat Panel LCD HDTV DVD Combo - HLC15R,15in Lcd/dvd Tv Combo - HLC15R,0.72465
278,Haier 13' TV/DVD Combo - TCR13,13in Crt Tv/dvd Combo - TCR13,0.72774
279,Nikon CoolPix S550 10 Megapixel Compact Plum Digital Camera - COOLPIXS550P,Nikon Coolpix S550 Digital Camera - Plum - 26110,0.62748
280,Nikon Coolpix S210 Plum 8.1 Megapixels Digital Camera - COOLPIXS210P,Nikon Coolpix S210 Digital Camera - Plum - 26103,0.6343
281,Garmin Vehicle Adjustable Suction Cup Mount - 0101082303,Garmin Vehicle Suction Cup mount,0.74126
282,Garmin Vehicle Adjustable Suction Cup Mount - 0101082303,Garmin Adjustable Vehicle Suction Cup - 010-10823-03,0.6353
283,Canon PIXMA iP2600 Photo Printer - IP2600,Canon PIXMA iP2600 Inkjet Photo Printer - 2435B002,0.71872
284,Belkin Neoprene Sleeve For MacBook Air - F8N065BLK,Belkin Neoprene Sleeve for MacBook Air - Neoprene - Black,0.81273
285,Canon PIXMA MX850 Multifunction Printer - MX850C,Canon PIXMA MX850 Multifunction Photo Printer - 2436B002,0.6811
286,Sony Mylo Black Personal Communicator - COM2BLACK,Sony Mylo COM-2 Personal Communicator - Black - COM2BLACK,0.86468
287,Sony Black DVD Recorder And VHS Combo Player - RDRVXD655,Sony RDRVXD655 DVD/VCR Combo,0.63297
288,Bose Lifestyle 48 Series IV 43479 Home Entertainment System - LS48IVWH,Bose Lifestyle 48 Home Theater System - 43479,0.71284
289,Sony High Definition HDV Handycam Camcorder - HDRHC9,Sony Handycam HDR-HC9 High Definition Digital Camcorder - HDRHC9,0.66237
290,Sony Digital SLR Camera With Lens Kit - DSLRA200W,Sony alpha DSLR-A200 Digital SLR Camera with Dual Lens Kit - DSLRA200W,0.68142
291,Canon Black BP-808 Camcorder Battery Pack - 2740B002,Canon BP-808 Lithium Ion Camcorder Battery Pack - 2740B002,0.88282
292,Sony Alpha DSLR Black Camera Body With 18-70mm Zoom Lens - DSLRA300K,Sony alpha DSLR-A300 Digital SLR Camera with 18-70mm Zoom Lens - Black - DSLRA300K,0.82129
293,Sony Alpha DSLR Black Camera Body With 18-70mm Zoom Lens - DSLRA300K,Sony alpha DSLR-A350K Digital SLR Camera with 18-70mm Zoom Lens - Black - DSLRA350K,0.67782
294,Sony Alpha Digital SLR Black Camera Body - DSLRA350,Sony alpha DSLR-A350 Digital SLR Camera - DSLRA350,0.67732
295,Sony DSLR-A350 Digital Camera And 18-70mm Zoom Lens - DSLRA350K,Sony alpha DSLR-A350K Digital SLR Camera with 18-70mm Zoom Lens - Black - DSLRA350K,0.74696
296,Toshiba 22' LCD HDTV With Built In DVD Player In Black - 22LV505,Toshiba 22LV505 - 22' Widescreen LCD HDTV w/ Built-in DVD Player - 1000:1 Contrast Ratio - 5ms Response Time - Black,0.63412
297,Toshiba 19' Black LCD HDTV With Built In DVD Player - 19LV505,Toshiba 19LV505 - 19' Widescreen LCD HDTV w/ Built-in DVD Player - 800:1 Contrast Ratio - 5ms Response Time,0.62176
298,Toshiba 10.2' Portable DVD Player In Black - SDP101S,Toshiba SD-P101S Portable DVD Player - SDP101S,0.64946
299,Toshiba 19' Black LCD HDTV - 19AV500U,Toshiba 19AV500U 19' LCD TV,0.88658
300,Toshiba 22' Black LCD HDTV - 22AV500U,Toshiba 22AV500U 22' LCD TV,0.88165
301,Yamaha NS-AW390BL All-Weather Pair Speaker System - NSAW390BK,Yamaha Outdoor NS-AW390 All-Weather Speaker System - NS-AW390BL,0.67426
302,Yamaha NS-AW190BL All-Weather Pair Speaker System - NSAW190BK,Yamaha NS-AW190 All-Weather Speaker System - NS-AW190BL,0.69819
303,Sony VAIO Black USB Docking Station - VGPUPR1,Sony VAIO USB Docking Station - VGPUPR1,0.98449
304,Altec Lansing Orbit-MP3 Portable Audio System - IM207,Altec Lansing Orbit-MP3 Portable Audio System - IM207,1.0
305,Peerless 10' - 22' Flat Panel TV Black Pivot Wall Arm - PP730,Peerless PP730 Universal Pivot Wall Arm,0.77262
306,Sony Black Soft Carrying Case - LCSX30,Sony Camcorder Case - LCSX30,0.65422
307,Sony Black Camcorder Tripod - VCT80AV,Sony VCT-80AV Tripod - VCT80AV,0.62078
308,Kenwood Sirius Radio Translator For In-Dash Head Units - KCASR50,KENWOOD KCA-SR50 SIRIUS Radio Translator for In-Dash Head Units,0.76866
309,Sony 16GB Memory Stick PRO Duo Mark 2 Media Card - MSMT16G,Sony 16GB Memory Stick PRO Duo Card (Mark 2) - MSMT16G,0.95653
310,Sony 16GB Memory Stick PRO Duo Mark 2 Media Card - MSMT16G,Sony 2GB Memory Stick PRO Duo Card - MSMT2G,0.64796
311,Lasonic ATSC Digital To Analog TV Converter Box - LTA260,Lasonic LTA-260 ATSC Converter Box,0.62123
312,Panasonic 5.8 GHz Black Expandable Digital Cordless Phone - KXTG4321B,Panasonic KX-TG4323B 5.8 GHz Expandable Digital Cordless Phone,0.67359
313,Panasonic 5.8 GHz Black Expandable Digital Cordless Phone - KXTG4321B,Panasonic KX-TG4324B 5.8 GHz Expandable Digital Cordless Phone,0.67359
314,Panasonic 5.8 GHz Black Expandable Digital Cordless Phone - KXTG4321B,Panasonic KX-TG4321B 5.8 GHz Expandable Digital Cordless Phone,0.67359
315,Sony Mylo White Personal Communicator - COM2WHITE,"Sony Mylo COM-2 PDA (1GB, Memory Stick Duo) Personal Communicator - COM2WHITE",0.64787
316,Sony Silver Cyber-Shot 7.2 Megapixel Digital Camera - DSCW120,Sony Cyber-shot DSC-W120 Digital Camera - Silver - DSCW120,0.66684
317,Panasonic DECT 6.0 Black Expandable Digital Cordless Phone - KXTG9361B,Panasonic KX-TG9332S DECT 6.0 Expandable Digital Cordless Phone,0.65987
318,Panasonic DECT 6.0 Black Expandable Digital Cordless Phone System - KXTG9372B,Panasonic KX-TG9332S DECT 6.0 Expandable Digital Cordless Phone,0.6403
319,Panasonic DECT 6.0 Silver Expandable Digital Cordless Phone System - KXTG9332S,Panasonic KX-TG9332S DECT 6.0 Expandable Digital Cordless Phone,0.62464
320,Panasonic Black Expandable Digital Cordless Dect 6.0 Phone System - KXTG9348T,Panasonic KX-TG9332S DECT 6.0 Expandable Digital Cordless Phone,0.60802
321,Samsung 46' Series 6 LCD Black Flat Panel HDTV - LN46A650,Samsung LN46A650 46' LCD TV,0.72509
322,Samsung 40' Series 5 LCD Black Flat Panel HDTV - LN40A550,Samsung LN40A550 40' LCD TV,0.72872
323,Samsung 52' Series 6 LCD Black Flat Panel HDTV - LN52A650,Samsung LN52A650 52' LCD TV,0.72509
324,Samsung 50' Black Flat Panel Series 4 Plasma HDTV - PN50A450,Samsung PN50A450 50' Plasma TV,0.73605
325,Canon EF-S 55-250mm f/4-5.6 IS Telephoto Zoom Lens - 2044B002,Canon EF-S 55-250mm f/4-5.6 IS Telephoto Zoom Lens - 2044B002,1.0
326,Samsung 5 Disc Black Home Theater System - HTZ410T,Samsung HTZ410T Home Theater System - HTZ410T,0.83092
327,Samsung 46' Series 5 LCD Black Flat Panel HDTV - LN46A550,Samsung LN46A550 46' LCD TV,0.72673
328,Samsung 58' Black Flat Panel Series 5 Plasma HDTV - PN58A550,Samsung PN58A550 58' Plasma TV,0.76857
329,Canon EOS Rebel XSi Silver Digital SLR Camera - XSIREB1855S,Canon EOS Rebel XSi Digital SLR Camera - Silver - 2757B001,0.75592
330,Canon Black EOS Rebel XSi Digital SLR Camera - XSIREB1855,Canon EOS Rebel XSi Digital SLR Camera - Silver - 2757B001,0.70267
331,Samsung 37' Series 4 LCD Black Flat Panel HDTV - LN37A450,Samsung 4 Series LN37A450 37' LCD TV,0.82951
332,Samsung 40' Series 6 LCD Black Flat Panel HDTV - LN40A650,Samsung LN40A650 40' LCD TV,0.72708
333,Samsung 37' Series 5 LCD Black Flat Panel HDTV - LN37A550,Samsung 5 Series LN37A550 37' LCD TV,0.82578
334,Samsung 50' Black Flat Panel Series 5 Plasma HDTV - PN50A550,Samsung PN50A550 50' Plasma TV,0.74324
335,Sony 8GB Memory Stick PRO Duo Mark 2 Media Card - MSMT8G,Sony 16GB Memory Stick PRO Duo Card (Mark 2) - MSMT16G,0.70726
336,Sony 8GB Memory Stick PRO Duo Mark 2 Media Card - MSMT8G,Sony 8GB Memory Stick PRO Duo Card - MSMT8G,0.86171
337,Sony 8GB Memory Stick PRO Duo Mark 2 Media Card - MSMT8G,Sony 1GB Memory Stick PRO Duo Card - MSMT1G,0.60747
338,Sony 8GB Memory Stick PRO Duo Mark 2 Media Card - MSMT8G,Sony 4GB Memory Stick PRO Duo Card - MSMT4G,0.60464
339,Sony 8GB Memory Stick PRO Duo Mark 2 Media Card - MSMT8G,Sony 2GB Memory Stick PRO Duo Card - MSMT2G,0.66088
340,Sony 1GB Memory Stick PRO Duo Mark 2 Media Card - MSMT1G,Sony 16GB Memory Stick PRO Duo Card (Mark 2) - MSMT16G,0.70972
341,Sony 1GB Memory Stick PRO Duo Mark 2 Media Card - MSMT1G,Sony 8GB Memory Stick PRO Duo Card - MSMT8G,0.60674
342,Sony 1GB Memory Stick PRO Duo Mark 2 Media Card - MSMT1G,Sony 1GB Memory Stick PRO Duo Card - MSMT1G,0.86067
343,Sony 1GB Memory Stick PRO Duo Mark 2 Media Card - MSMT1G,Sony 4GB Memory Stick PRO Duo Card - MSMT4G,0.60674
344,Sony 1GB Memory Stick PRO Duo Mark 2 Media Card - MSMT1G,Sony 2GB Memory Stick PRO Duo Card - MSMT2G,0.66318
345,Sony 4GB Memory Stick PRO Duo Mark 2 Media Card - MSMT4G,Sony 16GB Memory Stick PRO Duo Card (Mark 2) - MSMT16G,0.70726
346,Sony 4GB Memory Stick PRO Duo Mark 2 Media Card - MSMT4G,Sony 8GB Memory Stick PRO Duo Card - MSMT8G,0.60464
347,Sony 4GB Memory Stick PRO Duo Mark 2 Media Card - MSMT4G,Sony 1GB Memory Stick PRO Duo Card - MSMT1G,0.60747
348,Sony 4GB Memory Stick PRO Duo Mark 2 Media Card - MSMT4G,Sony 4GB Memory Stick PRO Duo Card - MSMT4G,0.86171
349,Sony 4GB Memory Stick PRO Duo Mark 2 Media Card - MSMT4G,Sony 2GB Memory Stick PRO Duo Card - MSMT2G,0.66088
350,Sony 2GB Memory Stick PRO Duo Mark 2 Media Card - MSMT2G,Sony 16GB Memory Stick PRO Duo Card (Mark 2) - MSMT16G,0.72537
351,Sony 2GB Memory Stick PRO Duo Mark 2 Media Card - MSMT2G,Sony 2GB Memory Stick PRO Duo Card - MSMT2G,0.87343
352,Samsung 32' Black Flat Panel Series 4 LCD HDTV - LN32A450,Samsung 4 Series LN32A450 32' LCD TV,0.82001
353,Samsung 32' Black Flat Panel Series 4 LCD HDTV - LN32A450,Samsung LN32A450 32' 720p LCD HDTV,0.68383
354,Logitech Black V450 Nano Cordless Laser Mouse For Notebooks - 910000619,Logitech V450 Nano Cordless Laser Mouse For Notebooks - 910-000619,0.7269
355,Samsung 26' Black Flat Panel Series 4 LCD HDTV - LN26A450,Samsung 4 Series LN26A450 26' LCD TV,0.83294
356,Coby 10.2' Black LCD Flat Panel HDTV - TFTV1022,Coby Electronics TF-TV1022 10.2' LCD TV - TFTV1022,0.60654
357,Logitech White V470 Cordless Laser Mouse For Apple Notebooks - 910000692,Logitech V470 Cordless Laser Mouse for Notebooks - 910-000298,0.65449
358,Logitech White V470 Cordless Laser Mouse For Apple Notebooks - 910000692,Logitech V470 Cordless Laser Mouse for Notebooks - 910-000692,0.65449
359,Samsung 22' White Flat Panel LCD HDTV - LN22A451,Samsung 4 Series LN22A451 22' LCD TV,0.68395
360,Sharp 26' Black LCD HDTV With Built In DVD Player - LC26DV24U,Sharp LC26DV24U 26' TV/DVD Combo,0.70874
361,Sanus 30' - 58' VisionMount Flat Panel TV Black Tilting Wall Mount - LT25B1,Sanus VisionMount Tilting Flat Panel TV Wall Mount - MT25-B1,0.60195
362,Samsung 56' Black Widescreen Series 6 DLP HDTV - HL56A650,Samsung 6 Series HL56A650 56' Projection TV,0.70186
363,Samsung 61' Black DLP Projection HDTV - HL61A650,Samsung 6 Series HL61A650 61' Projection TV,0.77102
364,Samsung 19' Black Flat Panel Series 4 LCD HDTV - LN19A450,Samsung LN19A450 19' LCD TV,0.73312
365,Samsung 19' Black Flat Panel Series 6 LCD HDTV - LN19A650,Samsung 6 Series LN19A650 19' LCD TV,0.83016
366,Samsung 22' Black Flat Panel LCD HDTV - LN22A450,Samsung 4 Series LN22A450 22' LCD TV,0.70708
367,Samsung 22' Black Flat Panel Series 6 LCD HDTV - LN22A650,Samsung LN22A650 22' LCD TV,0.72934
368,Samsung 32' Series 5 LCD Black Flat Panel HDTV - LN32A550,Samsung LN32A550 32' LCD TV,0.72553
369,Sony DVP-FX820 Black 8' Portable DVD Player - DVPFX820,Sony DVP-FX820 Portable DVD Player - DVPFX820,0.93642
370,Sony DVP-FX820 Black 8' Portable DVD Player - DVPFX820,Sony DVP-FX820/L Portable DVD Player - DVPFX820/L,0.63691
371,Sony DVP-FX820 Black 8' Portable DVD Player - DVPFX820,Sony DVP-FX820/R Portable DVD Player - DVPFX820/R,0.69854
372,Sony DVP-FX820 Black 8' Portable DVD Player - DVPFX820,Sony DVP-FX820/P Portable DVD Player - DVPFX820/P,0.63691
373,Sony DVP-FX820 Black 8' Portable DVD Player - DVPFX820,Sony DVPFX820 Portable DVD Player - DVPFX820/W,0.6346
374,Sony Black USB Stereo Turntable System - PSLX300USB,Sony PSLX300USB USB Record Turntable,0.71004
375,Apple Wireless Mighty Mouse - MB111LLA,Apple Wireless Mighty Mouse - MB111LL/A,0.67252
376,Samsung 46' Series 7 LCD Black Flat Panel HDTV - LN46A750,Samsung 7 Series LN46A750 46' LCD TV - LN46A750R1FXZA,0.70128
377,Samsung 32' Series 6 LCD Black Flat Panel HDTV - LN32A650,Samsung 6 Series LN32A650 32' LCD TV,0.82114
378,Nikon COOLPIX P80 Digital Camera In Black - COOLPIXP80,Nikon Coolpix P80 Digital Camera - 26114,0.66774
379,Sony Black 9 Megapixel Cyber-Shot Digital Camera - DSCH50B,Sony Cyber-shot DSC-H50 Digital Camera - Black - DSCH50B,0.65063
380,Samsung Sound Bar Home Theater System - HTX810,Samsung HTX810T Home Theater System - HTX810T,0.62612
381,Kensington Mini Battery Pack And Charger For iPhone And iPod - K33442US,Kensington Mini Battery Pack and Charger for iPhone and iPod - K33442US,1.0
382,Nintendo DS Lite Metallic Rose Portable Gaming System - NDSUSGSZPB,Nintendo DS Lite (Metallic Rose) - USGSZPB,0.68691
383,Nintendo DS Lite Metallic Rose Portable Gaming System - NDSUSGSZPB,Nintendo DS Lite (Metallic Silver),0.63451
384,Sony DVP-FX820 Blue 8' Portable DVD Player - DVPFX820LI,Sony DVP-FX820 Portable DVD Player - DVPFX820,0.64281
385,Sony DVP-FX820 Red 8' Portable DVD Player - DVPFX820R,Sony DVP-FX820 Portable DVD Player - DVPFX820,0.64224
386,LG LFC23760ST 22.6 Cu. Ft. Stainless Steel French Door Bottom Freezer Refrigerator - LFC23760SS,LG 24.7 cu. ft. Stainless Steel French Door Bottom Mount Refrigerator,0.6104
387,LG LFC25770ST 25.0 Cu. Ft. Stainless Steel French Door Bottom Freezer Refrigerator - LFC25770SS,LG 24.7 cu. ft. Stainless Steel French Door Bottom Mount Refrigerator,0.60653
388,LG LFX25971SB 24.7 Cu. Ft. Smooth Black French Door Bottom Freezer Refrigerator - LFX25971BK,LG 24.7 cu. ft. Stainless Steel French Door Bottom Mount Refrigerator,0.61227
389,LG LFX25971ST 24.7 Cu. Ft. Stainless Steel French Door Bottom Freezer Refrigerator - LFX25971SS,LG 24.7 cu. ft. Stainless Steel French Door Bottom Mount Refrigerator,0.75241
390,LG LFX25971SW 24.7 Cu. Ft. Smooth White French Door Bottom Freezer Refrigerator - LFX25971WH,LG 24.7 cu. ft. Stainless Steel French Door Bottom Mount Refrigerator,0.60417
391,LG LMX25981ST 24.7 Cu. Ft. Capacity Stainless Steel French Door Refrigerator - LMX25981SS,LG 24.7 cu. ft. Stainless Steel French Door Bottom Mount Refrigerator,0.76541
392,LG 24' LDF6920BB Fully Integrated Built In Black Dishwasher - LDF6920BK,LG LDF6920BB Fully Integrated Dishwasher,0.76589
393,LG 5.6 Cu. Ft. Black Freestanding Electric Range - LRE30453BK,LG 5.6 cu.ft. Freestanding Electric Range,0.83858
394,LG 5.6 Cu. Ft. Black Freestanding Electric Range - LRE30453BK,LG 5.6 cu.ft. Freestanding Electric Range,0.83858
395,LG 5.6 Cu. Ft. Black Freestanding Electric Range - LRE30453BK,LG 5.6 cu.ft. Freestanding Electric Range,0.83858
396,LG 5.6 Cu. Ft. Black Freestanding Electric Range - LRE30453BK,LG 5.6 cu.ft. Freestanding Electric Range,0.83858
397,LG 5.6 Cu. Ft. Black Freestanding Electric Range - LRE30453BK,LG 5.6 cu.ft. Freestanding Electric Range,0.83858
398,LG 5.6 Cu. Ft. Black Freestanding Electric Range - LRE30453BK,LG 5.0 cu.ft. Freestanding Gas Range,0.62122
399,LG 5.6 Cu. Ft. Black Freestanding Electric Range - LRE30453BK,LG 5.0 cu.ft. Freestanding Gas Range,0.62122
400,LG 5.6 Cu. Ft. Black Freestanding Electric Range - LRE30453BK,LG 5.0 cu.ft. Freestanding Gas Range,0.62122
401,LG 5.6 Cu. Ft. White Freestanding Electric Range - LRE30453WH,LG 5.6 cu.ft. Freestanding Electric Range,0.81872
402,LG 5.6 Cu. Ft. White Freestanding Electric Range - LRE30453WH,LG 5.6 cu.ft. Freestanding Electric Range,0.81872
403,LG 5.6 Cu. Ft. White Freestanding Electric Range - LRE30453WH,LG 5.6 cu.ft. Freestanding Electric Range,0.81872
404,LG 5.6 Cu. Ft. White Freestanding Electric Range - LRE30453WH,LG 5.6 cu.ft. Freestanding Electric Range,0.81872
405,LG 5.6 Cu. Ft. White Freestanding Electric Range - LRE30453WH,LG 5.6 cu.ft. Freestanding Electric Range,0.81872
406,LG 5.6 Cu. Ft. White Freestanding Electric Range - LRE30453WH,LG 5.0 cu.ft. Freestanding Gas Range,0.6065
407,LG 5.6 Cu. Ft. White Freestanding Electric Range - LRE30453WH,LG 5.0 cu.ft. Freestanding Gas Range,0.6065
408,LG 5.6 Cu. Ft. White Freestanding Electric Range - LRE30453WH,LG 5.0 cu.ft. Freestanding Gas Range,0.6065
409,Sony Gold Cyber-Shot Digital Camera - DSCW150N,Sony Cyber-shot DSC-W150 Digital Camera - Gold - DSCW150N,0.83469
410,Sony Red Cyber-Shot Digital Camera - DSCW150R,Sony Cyber-shot DSC-W150 Digital Camera - Red - DSCW150R,0.81532
411,Sony Red Cyber-Shot Digital Camera - DSCW170R,Sony Cyber-shot DSC-W170 Digital Camera - Red - DSCW170R,0.80375
412,LG 2.0 Cu. Ft. Over-The-Range Black Microwave Oven - LMVM2085BK,LG 2.0 cu.ft. Over the Range Microwave Oven,0.83591
413,LG 2.0 Cu. Ft. Over-The-Range Black Microwave Oven - LMVM2085BK,LG 2.0 cu.ft. Over the Range Microwave Oven,0.83591
414,LG 2.0 Cu. Ft. Over-The-Range Black Microwave Oven - LMVM2085BK,LG 2.0 cu.ft. Over the Range Microwave Oven,0.83591
415,LG 2.0 Cu. Ft. Over-The-Range Black Microwave Oven - LMVM2085BK,Maytag 2.0 Cu. Ft. Over-the-Range Microwave Oven,0.69983
416,LG 2.0 Cu. Ft. Over-The-Range White Microwave Oven - LMVM2085WH,LG 2.0 cu.ft. Over the Range Microwave Oven,0.81582
417,LG 2.0 Cu. Ft. Over-The-Range White Microwave Oven - LMVM2085WH,LG 2.0 cu.ft. Over the Range Microwave Oven,0.81582
418,LG 2.0 Cu. Ft. Over-The-Range White Microwave Oven - LMVM2085WH,LG 2.0 cu.ft. Over the Range Microwave Oven,0.81582
419,LG 2.0 Cu. Ft. Over-The-Range White Microwave Oven - LMVM2085WH,Maytag 2.0 Cu. Ft. Over-the-Range Microwave Oven,0.68301
420,LG 2.0 Cu. Ft. Over-The-Range Stainless Steel Microwave Oven - LMVM2085SS,LG 2.0 cu.ft. Over the Range Microwave Oven,0.77306
421,LG 2.0 Cu. Ft. Over-The-Range Stainless Steel Microwave Oven - LMVM2085SS,LG 2.0 cu.ft. Over the Range Microwave Oven,0.77306
422,LG 2.0 Cu. Ft. Over-The-Range Stainless Steel Microwave Oven - LMVM2085SS,LG 2.0 cu.ft. Over the Range Microwave Oven,0.77306
423,LG 2.0 Cu. Ft. Over-The-Range Stainless Steel Microwave Oven - LMVM2085SS,Maytag 2.0 Cu. Ft. Over-the-Range Microwave Oven,0.64721
424,Flip Video F360 Black Mino Series Camcorder - F360B,Pure Digital Flip Mino Digital Camcorder - F360B,0.62935
425,Flip Video F360 White Mino Series Camcorder - F360W,Pure Digital Flip Mino Digital Camcorder - F360W,0.61649
426,Samsung 72' Series 6 Black Widescreen DLP HDTV - HL72A650,"Samsung HL72A650 - 72' Widescreen 1080p DLP HDTV - 2,500:1 Contrast Ratio",0.6845
427,Boston Acoustics Duo-I AM/FM Clock Radio With iPod Dock - HDUOIMDNT,Boston Acoustics Horizon Duo-i AM/FM Stereo Radio - HDUOIMDNT,0.73374
428,Canon White Selphy CP760 Compact Photo Printer - 2565B001,Canon SELPHY CP760 Dye Sublimation Printer - 2565B001,0.67378
429,Maytag Over-The-Range Microwave Oven - MMV5207BK,Maytag 2.0 Cu. Ft. Over-the-Range Microwave Oven,0.63682
430,Linksys Simultaneous Dual-N Band Wireless Router - WRT610N,Linksys WRT610N Simultaneous Dual-N Band Wireless Router,1.0
431,Bracketron Black GPS Low-Pro Windshield Mount - SWM400BL,Bracketron Low-Pro Windshield Mount - SWM-400-BL,0.6024
432,GE Futura Indoor TV Antenna - Silver Finish - TV24746,Ge 24746 Futura(tm) Indoor Hdtv Antenna,0.60057
433,BlueAnt Black Bluetooth Headset - Z9I,BlueAnt Wireless Z9i Bluetooth Headset - Black - US-091010,0.81559
434,Sony 26' BRAVIA M-Series Black LCD Flat Panel HDTV - KDL26M4000,Sony BRAVIA M Series KDL-26M4000 26' LCD TV - KDL26M4000,0.70178
435,Samsung Black Blu-ray Player - BDP1500,Samsung BDP-1500 Blu-ray DVD Player - BDP1500,0.71525
436,Sony 46' BRAVIA S-Series Black LCD Flat Panel HDTV - KDL46S4100,Sony BRAVIA S Series KDL-46S4100 46' LCD TV - KDL46S4100,0.67921
437,Panasonic VIERA 46' Black Plasma Flat Panel 1080p HDTV - TH46PZ850U,Panasonic Viera TH-46PZ850U 46' Plasma TV - TH46PZ850U,0.61617
438,Sony Silver Cyber-Shot Digital Camera - DSCW150,Sony Cyber-shot DSC-W150 Digital Camera - Silver - DSCW150,0.80126
439,Sony Silver Cyber-Shot Digital Camera - DSCW150,Sony Cyber-shot DSC-W150 Digital Camera - Black - DSCW150/B,0.68318
440,Frigidaire 24' White Built-In Dishwasher - FDB130WH,Frigidaire FDB130RGS 24' Built-In Dishwasher (White),0.67877
441,Cuisinart Exact Heat Matte Black Toaster Oven Broiler - TOB155,Cuisinart TOB-195 Cuisinart Exact Heat Convection Toaster Oven Broiler - TOB195,0.61252
442,Nintendo DS Lite Metallic Silver Portable Gaming System - NDSUSGSVB,Nintendo DS Lite (Metallic Silver),0.74992
443,Frigidaire GLD4355RFS Gallery SpeedClean 24' White Dishwasher - GLD4355WH,Frigidaire GLD4355RFS Gallery Series 24' Under Counter Dishwasher,0.68363
444,Sony Weather Shower CD Clock Radio - ICFCD73W,Sony ICF-CD73W AM/FM/Weather Shower CD Clock Radio (White),0.61221
445,Sony DVP-FX820 Pink 8' Portable DVD Player - DVPFX820P,Sony DVP-FX820 Portable DVD Player - DVPFX820,0.63814
446,Whirlpool Cabrio WTW6400SW Top Loading White Washer - WTW6400SWH,Whirlpool WTW6400SW Cabrio 4.5 Cu Ft Capacity Washer (White),0.62845
447,Whirlpool Cabrio Diamond Dust Top Loading Washer - WTW6700TU,Whirlpool WTW6700TU Cabrio 4.6 Cu. Ft. Top Load Washer (Diamond Dust),0.77291
448,Weber Summit E-620 Copper Liquid Propane Gas Outdoor Grill - 1752001,Weber Summit E-620 Copper LP Gas Grill,0.72307
449,Weber 3758301 Blue Genesis EP-320 LP Gas Grill - 3758301,Weber Genesis EP-320 Blue LP Gas Grill,0.72574
450,Denon Blu-ray Disc DVD/CD Player - DVD3800BDCI,Denon DVD-2500BTCI Blu-ray Disc Player,0.65756
451,Denon Blu-ray Disc DVD/CD Player - DVD3800BDCI,Denon DVD-3800BDCI Blu-ray Disc Player - DVD3800BDCI,0.82031
452,Denon Blu-ray Disc DVD/CD Player - DVD3800BDCI,Denon DVD-1800BD Blu-ray Disc Player,0.65756
453,Sony 32' BRAVIA XBR Series Black LCD Flat Panel HDTV - KDL32XBR6,Sony BRAVIA KDL32XBR6 32' LCD TV,0.70498
454,Sony 37' BRAVIA XBR Series Black LCD Flat Panel HDTV - KDL37XBR6,Sony BRAVIA XBR Series KDL-37XBR6 37' LCD TV - KDL37XBR6,0.70522
455,Onkyo Black 7.1-Channel Home Theater System - HTS5100B,Onkyo HTS5100 Home Theater System - HTS5100B,0.67666
456,Sony Black Component Home Theater System - HT7200DH,Sony HT7200DH Home Theater System,0.84119
457,Sony 32' BRAVIA M-Series Gloss Black LCD Flat Panel HDTV - KDL32M4000,Sony BRAVIA M Series KDL-32M4000 32' LCD TV - KDL32M4000,0.61184
458,Sony 46' BRAVIA W-Series Black LCD Flat Panel HDTV - KDL46W4100,Sony BRAVIA W Series KDL-46W4100 46' LCD TV - KDL46W4100,0.67725
459,Sony 52' BRAVIA V-Series Black LCD Flat Panel HDTV - KDL52V4100,Sony BRAVIA V Series KDL-52V4100 52' LCD TV - KDL52V4100,0.68157
460,LG 52' Black LCD Flat Panel HDTV - 52LG50,LG 52LG50 52' LCD TV,0.78582
461,LG 47' Black LCD Flat Panel HDTV - 47LG50,LG 47LG50 47' LCD TV,0.82046
462,LG 32' Black LCD Flat Panel HDTV With Built In DVD Player - 32LG40,LG 32LG40 32' TV/DVD Combo,0.62072
463,Mitsubishi 835 Diamond Series 73' 1080p DLP Rear Projection HDTV - WD73835,Mitsubishi Diamond WD-73835 73' Projection TV - WD73835,0.60051
464,LG 52' Black LCD Flat Panel HDTV - 52LG70,LG LG70 Series 52LG70 52' LCD TV,0.62015
465,Sony 52' BRAVIA W-Series Black LCD Flat Panel HDTV - KDL52W4100,Sony BRAVIA W Series KDL-52W4100 52' LCD TV - KDL52W4100,0.67725
466,Denon Black AVR-1609 Home Theater Surround Sound Receiver - AVR1609,Denon AVR-1609 A/V Receiver - AVR1609,0.75422
467,Sony 7' Digital Photo Frame In Black - DPFD70,Sony DPFD70 Digital Photo Frame,0.91201
468,Sony 9' Digital Photo Frame In Black - DPFV900,Sony DPFV900 Digital Photo Frame - DPF-V900,0.63517
469,Sony Picture Station Digital Photo Printer - DPPFP95,Sony Picture Station Digital Photo Printer - DPPFP95,1.0
470,Toshiba Black 15' LCD Flat Panel HDTV/DVD Combo - 15LV505,15' LCD HDTV/DVD Combo Black - 15LV505,0.86291
471,Toshiba 22' LCD HDTV With Built In DVD Player In White - 22LV506,Toshiba 22LV506 22' TV/DVD Combo,0.67092
472,Sony Silver Cyber-Shot Digital Camera - DSCW170,Sony Cyber-shot DSC-W170 Digital Camera - Silver - DSCW170,0.79316
473,Jabra Bluetooth Headset - BT2070,Jabra BT2070 Bluetooth Headset - 100-92070000-02,0.72063
474,Logitech diNovo Edge Keyboard Mac Edition - 920000924,"Logitech diNovo Edge, Mac Edition - 920-000924",0.64825
475,Canon PIXMA Photo All-In-One Printer - MP480,Canon PIXMA MP480 Color Inkjet All-In-One Photo Printer - 2918B002,0.71121
476,Toshiba 26' Black LCD HDTV - 26AV502U,Toshiba 26AV502U - 26' Widescreen 720p LCD HDTV - Piano Black,0.7577
477,Mosquito Magnet Defender Replacement Net - MM4000NET1,Mosquito Magnet Defender Net (replacement),0.9
478,Toshiba 40' Black Flat Panel LCD HDTV - 40RV525U,Toshiba 40RV525U - 40' Widescreen 1080p LCD HDTV w/ Cinespeed - Piano Black,0.61907
479,Yamaha YAS-71 Black Front Surround System - YAS71BK,Yamaha YAS-71 Front Surround System - YAS-71BL,0.74352
480,Canon PowerShot A1000 IS Gray Digital Camera - A1000ISG,Canon PowerShot A1000 IS Digital Camera - Gray - 3210B001,0.71413
481,VMware Fusion 2 For Mac - VMFM20BX2,VMware Fusion 2 - VMFM20BX2,0.91494
482,Canon PIXMA Black Photo Printer - IP4600,Canon PIXMA iP4600 Inkjet Color Photo Printer - 2909B002,0.70199
483,Samsung 55' Series 9 LCD Black Flat Panel HDTV - LN55A950,Samsung 9 Series LN55A950 55' LCD TV,0.84402
484,TiVo HD XL Black Digital Video Recorder - TCD658000,TiVo TCD658000 - HD XL Digital Video Recorder,0.98662
485,Canon PIXMA Photo All-In-One Printer - MP620,Canon PIXMA MP620 Wireless Photo All-In-One Inkjet Printer - 2921B002,0.73357
486,Canon PIXMA Photo All-In-One Printer - MP980,Canon PIXMA MP980 Wireless All-in-One Color Photo Inkjet Printer - 2922B002,0.69258
487,Sony VAIO RT Series Black All-In-One Desktop Computer - VGCRT150Y,Sony VAIO RT All-in-One Desktop - VGCRT150Y,0.88996
488,Sony VAIO LV Series Silver All-In-One Desktop Computer - VGCLV150J,Sony VAIO LV All-in-One Desktop - VGCLV150J,0.86492
489,Canon VIXIA 60GB High Definition Hard Disc Drive Black Camcorder - HG20,Canon VIXIA HG20 High Definition Camcorder - 3085B001AA,0.66017
490,Canon VIXIA 120GB High Definition Hard Disc Drive Black Camcorder - HG21,Canon VIXIA HG21 High Definition Camcorder - 2704B001AA,0.65007
491,Canon DVD Camcorder - DC310,Canon DC310 Digital Camcorder - 2694B001,0.68875
492,Sony 19' BRAVIA M-Series Silver LCD Flat Panel HDTV - KDL19M4000S,Sony BRAVIA M Series KDL-19M4000 19' LCD TV - kdl19m4000s,0.68495
493,Samsung 46' Series 9 LCD Black Flat Panel HDTV - LN46A950,Samsung 9 Series LN46A950 46' LCD TV,0.83848
494,Belkin Leather Folio For 2G iPod Touch - F8Z373,Belkin Folio for iPod touch - F8Z373,0.86284
495,AppleCare Protection Plan For iPod Touch Or iPod Classic - MB591LLA,AppleCare for iPod touch or iPod classic - MB591LL/A,0.6319
496,Apple 8GB Silver 4th Generation iPod Nano - MB598LLA,Apple 8GB iPod nano Silver (4th Generation) - MB598LL/A,0.74983
497,Apple 8GB Silver 4th Generation iPod Nano - MB598LLA,Apple 8GB iPod nano Blue (4th Generation) - MB732LL/A,0.66355
498,Apple 8GB Silver 4th Generation iPod Nano - MB598LLA,Apple 8GB iPod nano Pink (4th Generation) - MB735LL/A,0.659
499,Apple 8GB Silver 4th Generation iPod Nano - MB598LLA,Apple 8GB iPod nano Purple (4th Generation) - MB739LL/A,0.6398
500,Apple 8GB Silver 4th Generation iPod Nano - MB598LLA,Apple 8GB iPod nano Green (4th Generation) - MB745LL/A,0.65045
501,Apple 8GB Silver 4th Generation iPod Nano - MB598LLA,Apple 8GB iPod nano Black (4th Generation) - MB754LL/A,0.69508
502,Apple 8GB Blue 4th Generation iPod Nano - MB732LLA,Apple 8GB iPod nano Silver (4th Generation) - MB598LL/A,0.66355
503,Apple 8GB Blue 4th Generation iPod Nano - MB732LLA,Apple 8GB iPod nano Blue (4th Generation) - MB732LL/A,0.76077
504,Apple 8GB Blue 4th Generation iPod Nano - MB732LLA,Apple 8GB iPod nano Pink (4th Generation) - MB735LL/A,0.64442
505,Apple 8GB Blue 4th Generation iPod Nano - MB732LLA,Apple 8GB iPod nano Purple (4th Generation) - MB739LL/A,0.62565
506,Apple 8GB Blue 4th Generation iPod Nano - MB732LLA,Apple 8GB iPod nano Green (4th Generation) - MB745LL/A,0.63607
507,Apple 8GB Blue 4th Generation iPod Nano - MB732LLA,Apple 8GB iPod nano Black (4th Generation) - MB754LL/A,0.67971
508,Apple 8GB Pink 4th Generation iPod Nano - MB735LLA,Apple 8GB iPod nano Silver (4th Generation) - MB598LL/A,0.659
509,Apple 8GB Pink 4th Generation iPod Nano - MB735LLA,Apple 8GB iPod nano Blue (4th Generation) - MB732LL/A,0.64442
510,Apple 8GB Pink 4th Generation iPod Nano - MB735LLA,Apple 8GB iPod nano Pink (4th Generation) - MB735LL/A,0.76404
511,Apple 8GB Pink 4th Generation iPod Nano - MB735LLA,Apple 8GB iPod nano Purple (4th Generation) - MB739LL/A,0.62136
512,Apple 8GB Pink 4th Generation iPod Nano - MB735LLA,Apple 8GB iPod nano Green (4th Generation) - MB745LL/A,0.6317
513,Apple 8GB Pink 4th Generation iPod Nano - MB735LLA,Apple 8GB iPod nano Black (4th Generation) - MB754LL/A,0.67505
514,Apple 8GB Purple 4th Generation iPod Nano - MB739LLA,Apple 8GB iPod nano Silver (4th Generation) - MB598LL/A,0.6398
515,Apple 8GB Purple 4th Generation iPod Nano - MB739LLA,Apple 8GB iPod nano Blue (4th Generation) - MB732LL/A,0.62565
516,Apple 8GB Purple 4th Generation iPod Nano - MB739LLA,Apple 8GB iPod nano Pink (4th Generation) - MB735LL/A,0.62136
517,Apple 8GB Purple 4th Generation iPod Nano - MB739LLA,Apple 8GB iPod nano Purple (4th Generation) - MB739LL/A,0.77759
518,Apple 8GB Purple 4th Generation iPod Nano - MB739LLA,Apple 8GB iPod nano Green (4th Generation) - MB745LL/A,0.6133
519,Apple 8GB Purple 4th Generation iPod Nano - MB739LLA,Apple 8GB iPod nano Black (4th Generation) - MB754LL/A,0.65538
520,Apple 8GB Green 4th Generation iPod Nano - MB745LLA,Apple 8GB iPod nano Silver (4th Generation) - MB598LL/A,0.65045
521,Apple 8GB Green 4th Generation iPod Nano - MB745LLA,Apple 8GB iPod nano Blue (4th Generation) - MB732LL/A,0.63607
522,Apple 8GB Green 4th Generation iPod Nano - MB745LLA,Apple 8GB iPod nano Pink (4th Generation) - MB735LL/A,0.6317
523,Apple 8GB Green 4th Generation iPod Nano - MB745LLA,Apple 8GB iPod nano Purple (4th Generation) - MB739LL/A,0.6133
524,Apple 8GB Green 4th Generation iPod Nano - MB745LLA,Apple 8GB iPod nano Green (4th Generation) - MB745LL/A,0.77012
525,Apple 8GB Green 4th Generation iPod Nano - MB745LLA,Apple 8GB iPod nano Black (4th Generation) - MB754LL/A,0.66629
526,Apple 8GB Black 4th Generation iPod Nano - MB754LLA,Apple 8GB iPod nano Silver (4th Generation) - MB598LL/A,0.69508
527,Apple 8GB Black 4th Generation iPod Nano - MB754LLA,Apple 8GB iPod nano Blue (4th Generation) - MB732LL/A,0.67971
528,Apple 8GB Black 4th Generation iPod Nano - MB754LLA,Apple 8GB iPod nano Pink (4th Generation) - MB735LL/A,0.67505
529,Apple 8GB Black 4th Generation iPod Nano - MB754LLA,Apple 8GB iPod nano Purple (4th Generation) - MB739LL/A,0.65538
530,Apple 8GB Black 4th Generation iPod Nano - MB754LLA,Apple 8GB iPod nano Green (4th Generation) - MB745LL/A,0.66629
531,Apple 8GB Black 4th Generation iPod Nano - MB754LLA,Apple 8GB iPod nano Black (4th Generation) - MB754LL/A,0.73749
532,Apple 16GB Green 4th Generation iPod Nano - MB913LLA,Apple 8GB iPod nano Green (4th Generation) - MB745LL/A,0.68273
533,Belkin White Switch-To-Mac Cable - F4U001,Belkin Switch-to-Mac Cable - F4U001,0.95319
534,Apple 8GB Black 2nd Generation iPod Touch - MB528LLA,Apple iPod touch 8GB Flash Portable Media Player - MB528LLA,0.6423
535,Apple 16GB Black 2nd Generation iPod Touch - MB531LLA,Apple iPod touch 16GB Flash Portable Media Player - MB531LLA,0.66066
536,Sony 42' BRAVIA V Series Black LCD Flat Panel HDTV - KDL42V4100,SONY 42IN BRAVIA LCD V-SERIES 1080P HDTV - KDL42V4100,0.86218
537,Sony 8' Black LCD Digital Photo Frame - DPFD80,Sony DPFD80 Digital Photo Frame,0.88545
538,Motorola Portable Bluetooth Car Kit Speaker Phone - T305,MOTOROLA T305 BLUETOOTH VISOR SPEAKER PHONE CAR KIT - RETAIL - 89082J,0.71801
539,Sony Black Speaker Dock And Clock Radio For iPod And iPhone - ICFC1IPMK2BLK,SONY IPOD/PHONE DOCK CLOCK RADIO BLACK NIC - ICFC1IPMK2BLK,0.75966
540,Twenty20 VholdR Wearable Camcorder Bundle - 1102,VholdR Wearable Camcorder (Black) - 1102,0.76862
541,Sharp AQUOS Blu Ray Disc Player In Black And Silver - BDHP21U,Sharp AQUOS BD-HP21U Blu-ray Disc Player,0.61913
542,Sharp AQUOS Blu Ray Disc Player In Black And Silver - BDHP21U,Sharp AQUOS BD-HP50U Blu-ray Disc Player,0.61913
543,Sharp AQUOS Black Blu-ray Disc Player - BDHP50U,Sharp AQUOS BD-HP21U Blu-ray Disc Player,0.64276
544,Sharp AQUOS Black Blu-ray Disc Player - BDHP50U,Sharp AQUOS BD-HP50U Blu-ray Disc Player,0.64276
545,Escort Passport 9500IX Radar Detector - 9500IX,Escort Passport 9500ix Radar/Laser Detector,0.87848
546,KitchenAid ProLine Series 16 Cup Food Processor - KPFP850OB,KITCHENAID KPFP850OB - Food Processor,0.76434
547,Chestnut Hill Sound George iPod Music System In White - CHS4001,Chestnut Hill CHS40001 Chestnut Hill George Ipod Dock Compact Stereo System,0.61287
548,Escort Passport 9500CI Radar Detector - 9500CI,Escort 9500CI Escort GPS Radar Detector,0.76897
549,Canon Black Leather Case - 3528B001,Canon PSC-4000 Deluxe Leather Case N - 3528B001,0.61968
550,Altec Lansing inMotion MAX iPod/iPhone Portable Audio System - IMT702,Altec Lansing IMT702 inMotion MAX Portable Speaker System for iPhone,0.90513
551,Denon Black Blu-ray Disc DVD-CD Player - DVD1800BD,Denon DVD-2500BTCI Blu-ray Disc Player,0.63969
552,Denon Black Blu-ray Disc DVD-CD Player - DVD1800BD,Denon DVD-1800BD Blu-ray Disc Player,0.63969
553,Canon Digital EOS Rebel XS Starter Kit - 9320A010,Canon Rebel XSi/XS Starter Kit - 9320A009,0.62145
554,LG 42' Glossy Piano Black LCD Flat Panel HDTV - 42LG30,LG 42LG30 42' LCD TV,0.62015
555,Samsung Stereo Bluetooth Headset In Black - SBH500,Samsung SBH500 Stereo Bluetooth Headset,0.9814
556,Sony 10' Black LCD Digital Photo Frame - DPFD100,Sony DPFD100 Digital Photo Frame,0.87561
557,Sony 46' BRAVIA XBR Series Black LCD Flat Panel HDTV - KDL46XBR6,Sony BRAVIA XBR Series KDL-46XBR6 46' LCD TV - KDL46XBR6,0.6999
558,Sony 52' BRAVIA XBR Series Black LCD Flat Panel HDTV - KDL52XBR6,Sony BRAVIA XBR Series KDL-52XBR6 52' LCD TV - KDL52XBR6,0.6999
559,Audiovox 7'  Acrylic Digital Photo Frame - DPF701,Audiovox DPF701 7-Inch Acrylic Digital Picture Frame,0.78731
560,Case-Mate Carbon Fiber Black Leather Case For iPhone 3G - IPH3GCBCF,CASE MATE CARBON FIBER IPHONE 3G CASE BLACK - IPH3GC-BCF,0.73392
